Categoria,Descrição do desenho,URL
Food,Ice cream cone,/drawings/food/ice_cream_cone_1763922061254.png
Food,Cupcake with sprinkles,/drawings/food/cupcake_with_sprinkles_1763922063991.png
Food,Donut with frosting,/drawings/food/donut_with_frosting_1763922076696.png
Food,Pizza slice smiling,/drawings/food/pizza_slice_smiling_1763922056602.png
Food,Watermelon slice,/drawings/food/watermelon_slice_1763922060835.png
Food,Strawberry,/drawings/food/strawberry_1763922061043.png
Food,Apple with worm,/drawings/food/apple_with_worm_1763922057155.png
Food,Banana dancing,/drawings/food/banana_dancing_1763922064331.png
Food,Carrot with face,/drawings/food/carrot_with_face_1763922057698.png
Food,Broccoli superhero,/drawings/food/broccoli_superhero_1763922062444.png
Food,Candy with wrapper,/drawings/food/candy_with_wrapper_1763922104552.png
Food,Lollipop,/drawings/food/lollipop_1763922106788.png
Food,Sandwich,/drawings/food/sandwich_1763922102343.png
Food,Burger,/drawings/food/burger_1763922101576.png
Food,Fries,/drawings/food/fries_1763922103314.png
Food,Hot dog,/drawings/food/hot_dog_1763922103190.png
Food,Cupcake tower,/drawings/food/cupcake_tower_1763922106448.png
Food,Cookie plate,/drawings/food/cookie_plate_1763922103483.png
Food,Juice box,/drawings/food/juice_box_1763922100446.png
Food,Milk carton,/drawings/food/milk_carton_1763922102939.png
Food,Candy apple,https://colop-app-drawings.s3.us-east-2.amazonaws.com/drawings/food/candy_apple_1763922325206.png
Food,Taco smiling,https://colop-app-drawings.s3.us-east-2.amazonaws.com/drawings/food/taco_smiling_1763922319322.png
Food,Sushi roll,https://colop-app-drawings.s3.us-east-2.amazonaws.com/drawings/food/sushi_roll_1763922318299.png
Food,Bento box,https://colop-app-drawings.s3.us-east-2.amazonaws.com/drawings/food/bento_box_1763922319739.png
Food,Fruit bowl,https://colop-app-drawings.s3.us-east-2.amazonaws.com/drawings/food/fruit_bowl_1763922318403.png
Food,Birthday cake,https://colop-app-drawings.s3.us-east-2.amazonaws.com/drawings/food/birthday_cake_1763922315820.png
Food,Pie slice,https://colop-app-drawings.s3.us-east-2.amazonaws.com/drawings/food/pie_slice_1763922316598.png
Food,Ice pop,https://colop-app-drawings.s3.us-east-2.amazonaws.com/drawings/food/ice_pop_1763922321576.png
Food,Chocolate bar,https://colop-app-drawings.s3.us-east-2.amazonaws.com/drawings/food/chocolate_bar_1763922321020.png
Food,Gummy bear,https://colop-app-drawings.s3.us-east-2.amazonaws.com/drawings/food/gummy_bear_1763922319648.png
Food,Lemonade cup,https://colop-app-drawings.s3.us-east-2.amazonaws.com/drawings/food/lemonade_cup_1763922321774.png
Food,Avocado,https://colop-app-drawings.s3.us-east-2.amazonaws.com/drawings/food/avocado_1763922320599.png
Food,Pear,https://colop-app-drawings.s3.us-east-2.amazonaws.com/drawings/food/pear_1763922319037.png
Food,Pineapple,https://colop-app-drawings.s3.us-east-2.amazonaws.com/drawings/food/pineapple_1763922315735.png
Food,Coconut drink,https://colop-app-drawings.s3.us-east-2.amazonaws.com/drawings/food/coconut_drink_1763922321391.png
Food,Pumpkin,https://colop-app-drawings.s3.us-east-2.amazonaws.com/drawings/food/pumpkin_1763922320201.png
Food,Muffin,https://colop-app-drawings.s3.us-east-2.amazonaws.com/drawings/food/muffin_1763922315967.png
Food,Cheese,https://colop-app-drawings.s3.us-east-2.amazonaws.com/drawings/food/cheese_1763922318481.png
Food,Spaghetti plate,https://colop-app-drawings.s3.us-east-2.amazonaws.com/drawings/food/spaghetti_plate_1763922320244.png
Food,Cup of tea,https://colop-app-drawings.s3.us-east-2.amazonaws.com/drawings/food/cup_of_tea_1763922314725.png
Food,Hot chocolate,https://colop-app-drawings.s3.us-east-2.amazonaws.com/drawings/food/hot_chocolate_1763922320723.png
Food,Cookie jar,https://colop-app-drawings.s3.us-east-2.amazonaws.com/drawings/food/cookie_jar_1763922318192.png
Food,Croissant,https://colop-app-drawings.s3.us-east-2.amazonaws.com/drawings/food/croissant_1763922315867.png
Food,French toast,https://colop-app-drawings.s3.us-east-2.amazonaws.com/drawings/food/french_toast_1763922321505.png
Food,Macaron,https://colop-app-drawings.s3.us-east-2.amazonaws.com/drawings/food/macaron_1763922320226.png
Food,Milkshake,https://colop-app-drawings.s3.us-east-2.amazonaws.com/drawings/food/milkshake_1763922320299.png
Food,Pretzel,https://colop-app-drawings.s3.us-east-2.amazonaws.com/drawings/food/pretzel_1763922321163.png
Food,Marshmallow,https://colop-app-drawings.s3.us-east-2.amazonaws.com/drawings/food/marshmallow_1763922319857.png
Food,Caramel candy,https://colop-app-drawings.s3.us-east-2.amazonaws.com/drawings/food/caramel_candy_1763922318409.png
Vehicles,Car with smiling face,https://colop-app-drawings.s3.us-east-2.amazonaws.com/drawings/vehicles/car_with_smiling_face_1763922321257.png
Vehicles,School bus,https://colop-app-drawings.s3.us-east-2.amazonaws.com/drawings/vehicles/school_bus_1763922349824.png
Vehicles,Fire truck,https://colop-app-drawings.s3.us-east-2.amazonaws.com/drawings/vehicles/fire_truck_1763922352011.png
Vehicles,Police car,https://colop-app-drawings.s3.us-east-2.amazonaws.com/drawings/vehicles/police_car_1763922349944.png
Vehicles,Ambulance,https://colop-app-drawings.s3.us-east-2.amazonaws.com/drawings/vehicles/ambulance_1763922354674.png
Vehicles,Monster truck,https://colop-app-drawings.s3.us-east-2.amazonaws.com/drawings/vehicles/monster_truck_1763922348785.png
Vehicles,Tractor,https://colop-app-drawings.s3.us-east-2.amazonaws.com/drawings/vehicles/tractor_1763922346331.png
Vehicles,Dump truck,https://colop-app-drawings.s3.us-east-2.amazonaws.com/drawings/vehicles/dump_truck_1763922352018.png
Vehicles,Bulldozer,https://colop-app-drawings.s3.us-east-2.amazonaws.com/drawings/vehicles/bulldozer_1763922346391.png
Vehicles,Excavator,https://colop-app-drawings.s3.us-east-2.amazonaws.com/drawings/vehicles/excavator_1763922355745.png
Vehicles,Garbage truck,https://colop-app-drawings.s3.us-east-2.amazonaws.com/drawings/vehicles/garbage_truck_1763922348243.png
Vehicles,Airplane,https://colop-app-drawings.s3.us-east-2.amazonaws.com/drawings/vehicles/airplane_1763922345354.png
Vehicles,Helicopter,https://colop-app-drawings.s3.us-east-2.amazonaws.com/drawings/vehicles/helicopter_1763922345367.png
Vehicles,Rocket car,https://colop-app-drawings.s3.us-east-2.amazonaws.com/drawings/vehicles/rocket_car_1763922349391.png
Vehicles,Submarine,https://colop-app-drawings.s3.us-east-2.amazonaws.com/drawings/vehicles/submarine_1763922346337.png
Vehicles,Sailboat,https://colop-app-drawings.s3.us-east-2.amazonaws.com/drawings/vehicles/sailboat_1763922351584.png
Vehicles,Pirate ship,https://colop-app-drawings.s3.us-east-2.amazonaws.com/drawings/vehicles/pirate_ship_1763922345438.png
Vehicles,Train engine,https://colop-app-drawings.s3.us-east-2.amazonaws.com/drawings/vehicles/train_engine_1763922348426.png
Vehicles,Hot air balloon,https://colop-app-drawings.s3.us-east-2.amazonaws.com/drawings/vehicles/hot_air_balloon_1763922350715.png
Vehicles,Scooter,https://colop-app-drawings.s3.us-east-2.amazonaws.com/drawings/vehicles/scooter_1763922356577.png
Vehicles,Bicycle,https://colop-app-drawings.s3.us-east-2.amazonaws.com/drawings/vehicles/bicycle_1763922348683.png
Vehicles,Skateboard,https://colop-app-drawings.s3.us-east-2.amazonaws.com/drawings/vehicles/skateboard_1763922346536.png
Vehicles,Race car,https://colop-app-drawings.s3.us-east-2.amazonaws.com/drawings/vehicles/race_car_1763922351293.png
Vehicles,Formula 1 car,https://colop-app-drawings.s3.us-east-2.amazonaws.com/drawings/vehicles/formula_1_car_1763922356106.png
Vehicles,Tractor towing trailer,https://colop-app-drawings.s3.us-east-2.amazonaws.com/drawings/vehicles/tractor_towing_trailer_1763922350531.png
Vehicles,Fire engine ladder,https://colop-app-drawings.s3.us-east-2.amazonaws.com/drawings/vehicles/fire_engine_ladder_1763922352267.png
Vehicles,Sailboat on sea,https://colop-app-drawings.s3.us-east-2.amazonaws.com/drawings/vehicles/sailboat_on_sea_1763922353623.png
Vehicles,Tugboat,https://colop-app-drawings.s3.us-east-2.amazonaws.com/drawings/vehicles/tugboat_1763922348715.png
Vehicles,Jet plane,https://colop-app-drawings.s3.us-east-2.amazonaws.com/drawings/vehicles/jet_plane_1763922348113.png
Vehicles,Blimp,https://colop-app-drawings.s3.us-east-2.amazonaws.com/drawings/vehicles/blimp_1763922351912.png
Vehicles,Tram,https://colop-app-drawings.s3.us-east-2.amazonaws.com/drawings/vehicles/tram_1763922350447.png
Vehicles,Ferry boat,https://colop-app-drawings.s3.us-east-2.amazonaws.com/drawings/vehicles/ferry_boat_1763922380694.png
Vehicles,Canoe,https://colop-app-drawings.s3.us-east-2.amazonaws.com/drawings/vehicles/canoe_1763922377952.png
Vehicles,Hovercraft,https://colop-app-drawings.s3.us-east-2.amazonaws.com/drawings/vehicles/hovercraft_1763922380717.png
Vehicles,Snowmobile,https://colop-app-drawings.s3.us-east-2.amazonaws.com/drawings/vehicles/snowmobile_1763922374765.png
Vehicles,Zamboni ice cleaner,https://colop-app-drawings.s3.us-east-2.amazonaws.com/drawings/vehicles/zamboni_ice_cleaner_1763922381226.png
Vehicles,Delivery van,https://colop-app-drawings.s3.us-east-2.amazonaws.com/drawings/vehicles/delivery_van_1763922383844.png
Vehicles,Milk truck,https://colop-app-drawings.s3.us-east-2.amazonaws.com/drawings/vehicles/milk_truck_1763922384899.png
Vehicles,Ice cream truck,https://colop-app-drawings.s3.us-east-2.amazonaws.com/drawings/vehicles/ice_cream_truck_1763922386017.png
Vehicles,Hot rod,https://colop-app-drawings.s3.us-east-2.amazonaws.com/drawings/vehicles/hot_rod_1763922385518.png
Vehicles,Double-decker bus,https://colop-app-drawings.s3.us-east-2.amazonaws.com/drawings/vehicles/doubledecker_bus_1763922385818.png
Vehicles,Train caboose,https://colop-app-drawings.s3.us-east-2.amazonaws.com/drawings/vehicles/train_caboose_1763922386370.png
Vehicles,Mining truck,https://colop-app-drawings.s3.us-east-2.amazonaws.com/drawings/vehicles/mining_truck_1763922386618.png
Vehicles,Cable car,https://colop-app-drawings.s3.us-east-2.amazonaws.com/drawings/vehicles/cable_car_1763922380852.png
Vehicles,Taxi,https://colop-app-drawings.s3.us-east-2.amazonaws.com/drawings/vehicles/taxi_1763922380331.png
Vehicles,Road roller,https://colop-app-drawings.s3.us-east-2.amazonaws.com/drawings/vehicles/road_roller_1763922389675.png
Vehicles,Tow truck,https://colop-app-drawings.s3.us-east-2.amazonaws.com/drawings/vehicles/tow_truck_1763922383098.png
Vehicles,Fire rescue helicopter,https://colop-app-drawings.s3.us-east-2.amazonaws.com/drawings/vehicles/fire_rescue_helicopter_1763922380791.png
Vehicles,Police motorcycle,https://colop-app-drawings.s3.us-east-2.amazonaws.com/drawings/vehicles/police_motorcycle_1763922382715.png
Space,Astronaut waving,https://colop-app-drawings.s3.us-east-2.amazonaws.com/drawings/space/astronaut_waving_1763922383724.png
Space,Rocket launching,https://colop-app-drawings.s3.us-east-2.amazonaws.com/drawings/space/rocket_launching_1763922381242.png
Space,UFO with alien,https://colop-app-drawings.s3.us-east-2.amazonaws.com/drawings/space/ufo_with_alien_1763922385592.png
Space,Moon with flag,https://colop-app-drawings.s3.us-east-2.amazonaws.com/drawings/space/moon_with_flag_1763922385890.png
Space,Solar system,https://colop-app-drawings.s3.us-east-2.amazonaws.com/drawings/space/solar_system_1763922383069.png
Space,Stars and planets,https://colop-app-drawings.s3.us-east-2.amazonaws.com/drawings/space/stars_and_planets_1763922379924.png
Space,Alien family,https://colop-app-drawings.s3.us-east-2.amazonaws.com/drawings/space/alien_family_1763922381311.png
Space,Space rover,https://colop-app-drawings.s3.us-east-2.amazonaws.com/drawings/space/space_rover_1763922382291.png
Space,Comet flying,https://colop-app-drawings.s3.us-east-2.amazonaws.com/drawings/space/comet_flying_1763922379858.png
Space,Astronaut floating,https://colop-app-drawings.s3.us-east-2.amazonaws.com/drawings/space/astronaut_floating_1763922380549.png
Space,Galaxy swirl,https://colop-app-drawings.s3.us-east-2.amazonaws.com/drawings/space/galaxy_swirl_1763922385481.png
Space,Rocket ship interior,https://colop-app-drawings.s3.us-east-2.amazonaws.com/drawings/space/rocket_ship_interior_1763922385217.png
Space,Space station,https://colop-app-drawings.s3.us-east-2.amazonaws.com/drawings/space/space_station_1763922416138.png
Space,Meteor shower,https://colop-app-drawings.s3.us-east-2.amazonaws.com/drawings/space/meteor_shower_1763922417807.png
Space,Alien spaceship,https://colop-app-drawings.s3.us-east-2.amazonaws.com/drawings/space/alien_spaceship_1763922411610.png
Space,Martian landscape,https://colop-app-drawings.s3.us-east-2.amazonaws.com/drawings/space/martian_landscape_1763922416312.png
Space,Astronaut dog,https://colop-app-drawings.s3.us-east-2.amazonaws.com/drawings/space/astronaut_dog_1763922411799.png
Space,Astronaut cat,https://colop-app-drawings.s3.us-east-2.amazonaws.com/drawings/space/astronaut_cat_1763922409553.png
Space,Floating robot,https://colop-app-drawings.s3.us-east-2.amazonaws.com/drawings/space/floating_robot_1763922407265.png
Space,Friendly alien face,https://colop-app-drawings.s3.us-east-2.amazonaws.com/drawings/space/friendly_alien_face_1763922412458.png
Space,Alien jungle,https://colop-app-drawings.s3.us-east-2.amazonaws.com/drawings/space/alien_jungle_1763922412358.png
Space,Planet with rings,https://colop-app-drawings.s3.us-east-2.amazonaws.com/drawings/space/planet_with_rings_1763922418024.png
Space,Satellite,https://colop-app-drawings.s3.us-east-2.amazonaws.com/drawings/space/satellite_1763922414759.png
Space,Rocket sleeping,https://colop-app-drawings.s3.us-east-2.amazonaws.com/drawings/space/rocket_sleeping_1763922417210.png
Space,Moon rover,https://colop-app-drawings.s3.us-east-2.amazonaws.com/drawings/space/moon_rover_1763922417183.png
Space,Space capsule,https://colop-app-drawings.s3.us-east-2.amazonaws.com/drawings/space/space_capsule_1763922410137.png
Space,Meteor and stars,https://colop-app-drawings.s3.us-east-2.amazonaws.com/drawings/space/meteor_and_stars_1763922413825.png
Space,Planet colony,https://colop-app-drawings.s3.us-east-2.amazonaws.com/drawings/space/planet_colony_1763922415740.png
Space,Asteroid belt,https://colop-app-drawings.s3.us-east-2.amazonaws.com/drawings/space/asteroid_belt_1763922415637.png
Space,Baby alien,https://colop-app-drawings.s3.us-east-2.amazonaws.com/drawings/space/baby_alien_1763922410075.png
Space,Alien dancing,https://colop-app-drawings.s3.us-east-2.amazonaws.com/drawings/space/alien_dancing_1763922416183.png
Space,Robot in space,https://colop-app-drawings.s3.us-east-2.amazonaws.com/drawings/space/robot_in_space_1763922418361.png
Space,Sun wearing sunglasses,https://colop-app-drawings.s3.us-east-2.amazonaws.com/drawings/space/sun_wearing_sunglasses_1763922416125.png
Space,Rocket race,https://colop-app-drawings.s3.us-east-2.amazonaws.com/drawings/space/rocket_race_1763922417433.png
Space,Astronaut watering plant,https://colop-app-drawings.s3.us-east-2.amazonaws.com/drawings/space/astronaut_watering_plant_1763922415599.png
Space,Space treasure,https://colop-app-drawings.s3.us-east-2.amazonaws.com/drawings/space/space_treasure_1763922415399.png
Space,Star character smiling,https://colop-app-drawings.s3.us-east-2.amazonaws.com/drawings/space/star_character_smiling_1763922413934.png
Space,Rocket playground,https://colop-app-drawings.s3.us-east-2.amazonaws.com/drawings/space/rocket_playground_1763922413918.png
Space,Moon rabbit,https://colop-app-drawings.s3.us-east-2.amazonaws.com/drawings/space/moon_rabbit_1763922416089.png
Space,Floating astronaut kid,https://colop-app-drawings.s3.us-east-2.amazonaws.com/drawings/space/floating_astronaut_kid_1763922412278.png
Space,Alien planet map,https://colop-app-drawings.s3.us-east-2.amazonaws.com/drawings/space/alien_planet_map_1763922414520.png
Space,Planet-shaped balloon,https://colop-app-drawings.s3.us-east-2.amazonaws.com/drawings/space/planetshaped_balloon_1763922414431.png
Space,Alien in hot air balloon,https://colop-app-drawings.s3.us-east-2.amazonaws.com/drawings/space/alien_in_hot_air_balloon_1763922443141.png
Space,Nebula cloud,https://colop-app-drawings.s3.us-east-2.amazonaws.com/drawings/space/nebula_cloud_1763922444016.png
Space,Shooting star wish,https://colop-app-drawings.s3.us-east-2.amazonaws.com/drawings/space/shooting_star_wish_1763922442872.png
Space,Space dragons,https://colop-app-drawings.s3.us-east-2.amazonaws.com/drawings/space/space_dragons_1763922445964.png
Space,Meteor catching net,https://colop-app-drawings.s3.us-east-2.amazonaws.com/drawings/space/meteor_catching_net_1763922447266.png
Space,Star maze,https://colop-app-drawings.s3.us-east-2.amazonaws.com/drawings/space/star_maze_1763922445764.png
Space,Spaceship parking lot,https://colop-app-drawings.s3.us-east-2.amazonaws.com/drawings/space/spaceship_parking_lot_1763922448114.png
Fantasy,Unicorn with wings,https://colop-app-drawings.s3.us-east-2.amazonaws.com/drawings/fantasy/unicorn_with_wings_1763922437703.png
Fantasy,Dragon blowing bubbles,https://colop-app-drawings.s3.us-east-2.amazonaws.com/drawings/fantasy/dragon_blowing_bubbles_1763922444205.png
Fantasy,Fairy on mushroom,https://colop-app-drawings.s3.us-east-2.amazonaws.com/drawings/fantasy/fairy_on_mushroom_1763922445240.png
Fantasy,Mermaid on rock,https://colop-app-drawings.s3.us-east-2.amazonaws.com/drawings/fantasy/mermaid_on_rock_1763922443868.png
Fantasy,Wizard casting spell,https://colop-app-drawings.s3.us-east-2.amazonaws.com/drawings/fantasy/wizard_casting_spell_1763922441884.png
Fantasy,Castle on hill,https://colop-app-drawings.s3.us-east-2.amazonaws.com/drawings/fantasy/castle_on_hill_1763922444527.png
Fantasy,Pegasus flying,https://colop-app-drawings.s3.us-east-2.amazonaws.com/drawings/fantasy/pegasus_flying_1763922450197.png
Fantasy,Knight fighting tiny dragon,https://colop-app-drawings.s3.us-east-2.amazonaws.com/drawings/fantasy/knight_fighting_tiny_dragon_1763922447354.png
Fantasy,Baby unicorn,https://colop-app-drawings.s3.us-east-2.amazonaws.com/drawings/fantasy/baby_unicorn_1763922440232.png
Fantasy,Elf in forest,https://colop-app-drawings.s3.us-east-2.amazonaws.com/drawings/fantasy/elf_in_forest_1763922445826.png
Fantasy,Witch stirring cauldron,https://colop-app-drawings.s3.us-east-2.amazonaws.com/drawings/fantasy/witch_stirring_cauldron_1763922446278.png
Fantasy,Magic wand sparkling,https://colop-app-drawings.s3.us-east-2.amazonaws.com/drawings/fantasy/magic_wand_sparkling_1763922442746.png
Fantasy,Fairy house,https://colop-app-drawings.s3.us-east-2.amazonaws.com/drawings/fantasy/fairy_house_1763922442834.png
Fantasy,Dragon egg,https://colop-app-drawings.s3.us-east-2.amazonaws.com/drawings/fantasy/dragon_egg_1763922442956.png
Fantasy,Princess crown,https://colop-app-drawings.s3.us-east-2.amazonaws.com/drawings/fantasy/princess_crown_1763922445355.png
Fantasy,Troll under bridge,https://colop-app-drawings.s3.us-east-2.amazonaws.com/drawings/fantasy/troll_under_bridge_1763922446469.png
Fantasy,Magic book,https://colop-app-drawings.s3.us-east-2.amazonaws.com/drawings/fantasy/magic_book_1763922442991.png
Fantasy,Griffin flying,https://colop-app-drawings.s3.us-east-2.amazonaws.com/drawings/fantasy/griffin_flying_1763922448480.png
Fantasy,Centaur child,https://colop-app-drawings.s3.us-east-2.amazonaws.com/drawings/fantasy/centaur_child_1763922442538.png
Fantasy,Phoenix rising,https://colop-app-drawings.s3.us-east-2.amazonaws.com/drawings/fantasy/phoenix_rising_1763922445967.png
Fantasy,Sorcerer child,https://colop-app-drawings.s3.us-east-2.amazonaws.com/drawings/fantasy/sorcerer_child_1763922449210.png
Fantasy,Mermaid tail splash,https://colop-app-drawings.s3.us-east-2.amazonaws.com/drawings/fantasy/mermaid_tail_splash_1763922446643.png
Fantasy,Flying ship,https://colop-app-drawings.s3.us-east-2.amazonaws.com/drawings/fantasy/flying_ship_1763922440595.png
Fantasy,Floating island,https://colop-app-drawings.s3.us-east-2.amazonaws.com/drawings/fantasy/floating_island_1763922472028.png
Fantasy,Genie lamp,https://colop-app-drawings.s3.us-east-2.amazonaws.com/drawings/fantasy/genie_lamp_1763922471112.png
Fantasy,Baby dragon sleeping,https://colop-app-drawings.s3.us-east-2.amazonaws.com/drawings/fantasy/baby_dragon_sleeping_1763922476435.png
Fantasy,Fairy circle,https://colop-app-drawings.s3.us-east-2.amazonaws.com/drawings/fantasy/fairy_circle_1763922488014.png
Fantasy,Wizard hat,https://colop-app-drawings.s3.us-east-2.amazonaws.com/drawings/fantasy/wizard_hat_1763922491376.png
Fantasy,Potion bottles,https://colop-app-drawings.s3.us-east-2.amazonaws.com/drawings/fantasy/potion_bottles_1763922475209.png
Fantasy,Tree with face,https://colop-app-drawings.s3.us-east-2.amazonaws.com/drawings/fantasy/tree_with_face_1763922477196.png
Fantasy,Living cloud,https://colop-app-drawings.s3.us-east-2.amazonaws.com/drawings/fantasy/living_cloud_1763922473720.png
Fantasy,Magic portal,https://colop-app-drawings.s3.us-east-2.amazonaws.com/drawings/fantasy/magic_portal_1763922472370.png
Fantasy,Enchanted sword,https://colop-app-drawings.s3.us-east-2.amazonaws.com/drawings/fantasy/enchanted_sword_1763922479678.png
Fantasy,Mermaid friends,https://colop-app-drawings.s3.us-east-2.amazonaws.com/drawings/fantasy/mermaid_friends_1763922475899.png
Fantasy,Unicorn running,https://colop-app-drawings.s3.us-east-2.amazonaws.com/drawings/fantasy/unicorn_running_1763922473402.png
Fantasy,Star princess,https://colop-app-drawings.s3.us-east-2.amazonaws.com/drawings/fantasy/star_princess_1763922494433.png
Fantasy,Magic forest,https://colop-app-drawings.s3.us-east-2.amazonaws.com/drawings/fantasy/magic_forest_1763922479845.png
Fantasy,Crystals glowing,https://colop-app-drawings.s3.us-east-2.amazonaws.com/drawings/fantasy/crystals_glowing_1763922474027.png
Fantasy,Fairy queen,https://colop-app-drawings.s3.us-east-2.amazonaws.com/drawings/fantasy/fairy_queen_1763922485048.png
Fantasy,Tiny monsters,https://colop-app-drawings.s3.us-east-2.amazonaws.com/drawings/fantasy/tiny_monsters_1763922476380.png
Fantasy,Baby griffin,https://colop-app-drawings.s3.us-east-2.amazonaws.com/drawings/fantasy/baby_griffin_1763922473992.png
Fantasy,Elf dancing,https://colop-app-drawings.s3.us-east-2.amazonaws.com/drawings/fantasy/elf_dancing_1763922473859.png
Fantasy,Spellbook,https://colop-app-drawings.s3.us-east-2.amazonaws.com/drawings/fantasy/spellbook_1763922474670.png
Fantasy,Mystic key,https://colop-app-drawings.s3.us-east-2.amazonaws.com/drawings/fantasy/mystic_key_1763922473261.png
Fantasy,Moon fairy,https://colop-app-drawings.s3.us-east-2.amazonaws.com/drawings/fantasy/moon_fairy_1763922476195.png
Fantasy,Mermaid castle,https://colop-app-drawings.s3.us-east-2.amazonaws.com/drawings/fantasy/mermaid_castle_1763922483544.png
Fantasy,Magic harp,https://colop-app-drawings.s3.us-east-2.amazonaws.com/drawings/fantasy/magic_harp_1763922473454.png
Fantasy,Star dragon,https://colop-app-drawings.s3.us-east-2.amazonaws.com/drawings/fantasy/star_dragon_1763922474205.png
Fantasy,Wishing well,https://colop-app-drawings.s3.us-east-2.amazonaws.com/drawings/fantasy/wishing_well_1763922476296.png
Fantasy,Flying whale,https://colop-app-drawings.s3.us-east-2.amazonaws.com/drawings/fantasy/flying_whale_1763922479056.png
Nature,Rainbow over mountains,https://colop-app-drawings.s3.us-east-2.amazonaws.com/drawings/nature/rainbow_over_mountains_1763922473470.png
Nature,Sun smiling,https://colop-app-drawings.s3.us-east-2.amazonaws.com/drawings/nature/sun_smiling_1763922475743.png
Nature,Moon with stars,https://colop-app-drawings.s3.us-east-2.amazonaws.com/drawings/nature/moon_with_stars_1763922472243.png
Nature,Cloud raining hearts,https://colop-app-drawings.s3.us-east-2.amazonaws.com/drawings/nature/cloud_raining_hearts_1763922518247.png
Nature,Tree with swing,https://colop-app-drawings.s3.us-east-2.amazonaws.com/drawings/nature/tree_with_swing_1763922519118.png
Nature,Flowers in garden,https://colop-app-drawings.s3.us-east-2.amazonaws.com/drawings/nature/flowers_in_garden_1763922519285.png
Nature,Cactus with hat,https://colop-app-drawings.s3.us-east-2.amazonaws.com/drawings/nature/cactus_with_hat_1763922519440.png
Nature,River flowing,https://colop-app-drawings.s3.us-east-2.amazonaws.com/drawings/nature/river_flowing_1763922519237.png
Nature,Volcano with smoke,https://colop-app-drawings.s3.us-east-2.amazonaws.com/drawings/nature/volcano_with_smoke_1763922517846.png
Nature,Ocean waves,https://colop-app-drawings.s3.us-east-2.amazonaws.com/drawings/nature/ocean_waves_1763922522308.png
Nature,Island with palm,https://colop-app-drawings.s3.us-east-2.amazonaws.com/drawings/nature/island_with_palm_1763922520205.png
Nature,Snowy mountains,https://colop-app-drawings.s3.us-east-2.amazonaws.com/drawings/nature/snowy_mountains_1763922520914.png
Nature,Butterflies flying,https://colop-app-drawings.s3.us-east-2.amazonaws.com/drawings/nature/butterflies_flying_1763922523165.png
Nature,Bees near hive,https://colop-app-drawings.s3.us-east-2.amazonaws.com/drawings/nature/bees_near_hive_1763922522611.png
Nature,Ladybug on leaf,https://colop-app-drawings.s3.us-east-2.amazonaws.com/drawings/nature/ladybug_on_leaf_1763922519167.png
Nature,Snail in garden,https://colop-app-drawings.s3.us-east-2.amazonaws.com/drawings/nature/snail_in_garden_1763922518534.png
Nature,Forest animals,https://colop-app-drawings.s3.us-east-2.amazonaws.com/drawings/nature/forest_animals_1763922521521.png
Nature,Waterfall scene,https://colop-app-drawings.s3.us-east-2.amazonaws.com/drawings/nature/waterfall_scene_1763922519194.png
Nature,Desert with dunes,https://colop-app-drawings.s3.us-east-2.amazonaws.com/drawings/nature/desert_with_dunes_1763922517229.png
Nature,Storm cloud,https://colop-app-drawings.s3.us-east-2.amazonaws.com/drawings/nature/storm_cloud_1763922521373.png
Nature,Wind blowing leaves,https://colop-app-drawings.s3.us-east-2.amazonaws.com/drawings/nature/wind_blowing_leaves_1763922522157.png
Nature,Flower bouquet,https://colop-app-drawings.s3.us-east-2.amazonaws.com/drawings/nature/flower_bouquet_1763922523210.png
Nature,Acorn and leaves,https://colop-app-drawings.s3.us-east-2.amazonaws.com/drawings/nature/acorn_and_leaves_1763922519824.png
Nature,Autumn tree,https://colop-app-drawings.s3.us-east-2.amazonaws.com/drawings/nature/autumn_tree_1763922519351.png
Nature,Winter snowflakes,https://colop-app-drawings.s3.us-east-2.amazonaws.com/drawings/nature/winter_snowflakes_1763922512733.png
Nature,Spring meadow,https://colop-app-drawings.s3.us-east-2.amazonaws.com/drawings/nature/spring_meadow_1763922535779.png
Nature,Summer beach,https://colop-app-drawings.s3.us-east-2.amazonaws.com/drawings/nature/summer_beach_1763922521742.png
Nature,Night sky with moon,https://colop-app-drawings.s3.us-east-2.amazonaws.com/drawings/nature/night_sky_with_moon_1763922516753.png
Nature,Shooting stars,https://colop-app-drawings.s3.us-east-2.amazonaws.com/drawings/nature/shooting_stars_1763922522310.png
Nature,Pond with fish,https://colop-app-drawings.s3.us-east-2.amazonaws.com/drawings/nature/pond_with_fish_1763922521211.png
Nature,Mushrooms,https://colop-app-drawings.s3.us-east-2.amazonaws.com/drawings/nature/mushrooms_1763922520058.png
Nature,Bush with berries,https://colop-app-drawings.s3.us-east-2.amazonaws.com/drawings/nature/bush_with_berries_1763922520042.png
Nature,Grass field,https://colop-app-drawings.s3.us-east-2.amazonaws.com/drawings/nature/grass_field_1763922520472.png
Nature,Sunflower smiling,https://colop-app-drawings.s3.us-east-2.amazonaws.com/drawings/nature/sunflower_smiling_1763922562566.png
Nature,Cherry blossom tree,https://colop-app-drawings.s3.us-east-2.amazonaws.com/drawings/nature/cherry_blossom_tree_1763922563989.png
Nature,Garden tools,https://colop-app-drawings.s3.us-east-2.amazonaws.com/drawings/nature/garden_tools_1763922560749.png
Nature,Pine forest,https://colop-app-drawings.s3.us-east-2.amazonaws.com/drawings/nature/pine_forest_1763922560197.png
Nature,Birds nest in tree,https://colop-app-drawings.s3.us-east-2.amazonaws.com/drawings/nature/birds_nest_in_tree_1763922563531.png
Nature,Hills and clouds,https://colop-app-drawings.s3.us-east-2.amazonaws.com/drawings/nature/hills_and_clouds_1763922559997.png
Nature,Pebbles and stones,https://colop-app-drawings.s3.us-east-2.amazonaws.com/drawings/nature/pebbles_and_stones_1763922553894.png
Nature,Treehouse,https://colop-app-drawings.s3.us-east-2.amazonaws.com/drawings/nature/treehouse_1763922564501.png
Nature,Dandelions blowing,https://colop-app-drawings.s3.us-east-2.amazonaws.com/drawings/nature/dandelions_blowing_1763922558712.png
Nature,Water lilies,https://colop-app-drawings.s3.us-east-2.amazonaws.com/drawings/nature/water_lilies_1763922561561.png
Nature,Fireflies at night,https://colop-app-drawings.s3.us-east-2.amazonaws.com/drawings/nature/fireflies_at_night_1763922569750.png
Nature,Pinecone,https://colop-app-drawings.s3.us-east-2.amazonaws.com/drawings/nature/pinecone_1763922557391.png
Nature,Veggie garden,https://colop-app-drawings.s3.us-east-2.amazonaws.com/drawings/nature/veggie_garden_1763922561991.png
Nature,Camping tent,https://colop-app-drawings.s3.us-east-2.amazonaws.com/drawings/nature/camping_tent_1763922560654.png
Nature,Field of tulips,https://colop-app-drawings.s3.us-east-2.amazonaws.com/drawings/nature/field_of_tulips_1763922561117.png
Nature,Maple leaves,https://colop-app-drawings.s3.us-east-2.amazonaws.com/drawings/nature/maple_leaves_1763922562816.png
Objects,Airplane with smiling face,https://colop-app-drawings.s3.us-east-2.amazonaws.com/drawings/objects/airplane_with_smiling_face_1763922564882.png
Objects,Train with big wheels,https://colop-app-drawings.s3.us-east-2.amazonaws.com/drawings/objects/train_with_big_wheels_1763922565303.png
Objects,Rocket launching,https://colop-app-drawings.s3.us-east-2.amazonaws.com/drawings/objects/rocket_launching_1763922560731.png
Objects,Boat sailing,https://colop-app-drawings.s3.us-east-2.amazonaws.com/drawings/objects/boat_sailing_1763922567108.png
Objects,Hot air balloon,https://colop-app-drawings.s3.us-east-2.amazonaws.com/drawings/objects/hot_air_balloon_1763922564535.png
Objects,Toy robot,https://colop-app-drawings.s3.us-east-2.amazonaws.com/drawings/objects/toy_robot_1763922559263.png
Objects,Kite flying,https://colop-app-drawings.s3.us-east-2.amazonaws.com/drawings/objects/kite_flying_1763922564638.png
Objects,Bicycle with basket,https://colop-app-drawings.s3.us-east-2.amazonaws.com/drawings/objects/bicycle_with_basket_1763922562981.png
Objects,Camera with flash,https://colop-app-drawings.s3.us-east-2.amazonaws.com/drawings/objects/camera_with_flash_1763922555933.png
Objects,Ice cream cone,https://colop-app-drawings.s3.us-east-2.amazonaws.com/drawings/objects/ice_cream_cone_1763922561043.png
Objects,Cupcake with sprinkles,https://colop-app-drawings.s3.us-east-2.amazonaws.com/drawings/objects/cupcake_with_sprinkles_1763922569236.png
Objects,Gift box with bow,https://colop-app-drawings.s3.us-east-2.amazonaws.com/drawings/objects/gift_box_with_bow_1763922567701.png
Objects,Drum set,https://colop-app-drawings.s3.us-east-2.amazonaws.com/drawings/objects/drum_set_1763922563490.png
Objects,Guitar with stars,https://colop-app-drawings.s3.us-east-2.amazonaws.com/drawings/objects/guitar_with_stars_1763922561123.png
Objects,Umbrella with raindrops,https://colop-app-drawings.s3.us-east-2.amazonaws.com/drawings/objects/umbrella_with_raindrops_1763922595758.png
Objects,Backpack full of books,https://colop-app-drawings.s3.us-east-2.amazonaws.com/drawings/objects/backpack_full_of_books_1763922596577.png
Objects,Treasure chest,https://colop-app-drawings.s3.us-east-2.amazonaws.com/drawings/objects/treasure_chest_1763922593950.png
Objects,Crown with jewels,https://colop-app-drawings.s3.us-east-2.amazonaws.com/drawings/objects/crown_with_jewels_1763922594655.png
Objects,Balloon bunch,https://colop-app-drawings.s3.us-east-2.amazonaws.com/drawings/objects/balloon_bunch_1763922595998.png
Objects,Telescope,https://colop-app-drawings.s3.us-east-2.amazonaws.com/drawings/objects/telescope_1763922594726.png
Objects,Magic wand,https://colop-app-drawings.s3.us-east-2.amazonaws.com/drawings/objects/magic_wand_1763922594821.png
Objects,Crayons and pencils,https://colop-app-drawings.s3.us-east-2.amazonaws.com/drawings/objects/crayons_and_pencils_1763922598858.png
Objects,Paint palette,https://colop-app-drawings.s3.us-east-2.amazonaws.com/drawings/objects/paint_palette_1763922588876.png
Objects,Castle tower,https://colop-app-drawings.s3.us-east-2.amazonaws.com/drawings/objects/castle_tower_1763922600030.png
Objects,Treasure map,https://colop-app-drawings.s3.us-east-2.amazonaws.com/drawings/objects/treasure_map_1763922593549.png
Objects,Star-shaped wand,https://colop-app-drawings.s3.us-east-2.amazonaws.com/drawings/objects/starshaped_wand_1763922590489.png
Objects,Toy blocks,https://colop-app-drawings.s3.us-east-2.amazonaws.com/drawings/objects/toy_blocks_1763922593592.png
Objects,Sandbox toys,https://colop-app-drawings.s3.us-east-2.amazonaws.com/drawings/objects/sandbox_toys_1763922595065.png
Objects,Bubble wand,https://colop-app-drawings.s3.us-east-2.amazonaws.com/drawings/objects/bubble_wand_1763922591170.png
Objects,Toy rocket,https://colop-app-drawings.s3.us-east-2.amazonaws.com/drawings/objects/toy_rocket_1763922591224.png
Objects,Scooter,https://colop-app-drawings.s3.us-east-2.amazonaws.com/drawings/objects/scooter_1763922601974.png
Objects,Guitar with hearts,https://colop-app-drawings.s3.us-east-2.amazonaws.com/drawings/objects/guitar_with_hearts_1763922594758.png
Objects,Alarm clock,https://colop-app-drawings.s3.us-east-2.amazonaws.com/drawings/objects/alarm_clock_1763922593962.png
Objects,Present bag,https://colop-app-drawings.s3.us-east-2.amazonaws.com/drawings/objects/present_bag_1763922595120.png
Objects,School bus,https://colop-app-drawings.s3.us-east-2.amazonaws.com/drawings/objects/school_bus_1763922594956.png
Objects,Carousel horse,https://colop-app-drawings.s3.us-east-2.amazonaws.com/drawings/objects/carousel_horse_1763922591083.png
Objects,Mailbox,https://colop-app-drawings.s3.us-east-2.amazonaws.com/drawings/objects/mailbox_1763922594486.png
Objects,Toy train,https://colop-app-drawings.s3.us-east-2.amazonaws.com/drawings/objects/toy_train_1763922594350.png
Objects,Drum,https://colop-app-drawings.s3.us-east-2.amazonaws.com/drawings/objects/drum_1763922592054.png
Objects,Microscope,https://colop-app-drawings.s3.us-east-2.amazonaws.com/drawings/objects/microscope_1763922592097.png
Objects,Spaceship control panel,https://colop-app-drawings.s3.us-east-2.amazonaws.com/drawings/objects/spaceship_control_panel_1763922598104.png
Objects,Candy machine,https://colop-app-drawings.s3.us-east-2.amazonaws.com/drawings/objects/candy_machine_1763922591828.png
Objects,Lantern,https://colop-app-drawings.s3.us-east-2.amazonaws.com/drawings/objects/lantern_1763922591925.png
Objects,Binoculars,https://colop-app-drawings.s3.us-east-2.amazonaws.com/drawings/objects/binoculars_1763922594953.png
Objects,Campfire,https://colop-app-drawings.s3.us-east-2.amazonaws.com/drawings/objects/campfire_1763922624252.png
Objects,Puzzle pieces,https://colop-app-drawings.s3.us-east-2.amazonaws.com/drawings/objects/puzzle_pieces_1763922627237.png
Objects,Lego-style blocks,https://colop-app-drawings.s3.us-east-2.amazonaws.com/drawings/objects/legostyle_blocks_1763922631924.png
Objects,Toolbox,https://colop-app-drawings.s3.us-east-2.amazonaws.com/drawings/objects/toolbox_1763922628737.png
Objects,Toy airplane,https://colop-app-drawings.s3.us-east-2.amazonaws.com/drawings/objects/toy_airplane_1763922629239.png
Objects,Telescope on tripod,https://colop-app-drawings.s3.us-east-2.amazonaws.com/drawings/objects/telescope_on_tripod_1763922624927.png
Characters,Girl flying a kite,https://colop-app-drawings.s3.us-east-2.amazonaws.com/drawings/characters/girl_flying_a_kite_1763922628840.png
Characters,Boy riding a scooter,https://colop-app-drawings.s3.us-east-2.amazonaws.com/drawings/characters/boy_riding_a_scooter_1763922626609.png
Characters,Chef baking cookies,https://colop-app-drawings.s3.us-east-2.amazonaws.com/drawings/characters/chef_baking_cookies_1763922627416.png
Characters,Astronaut waving on the moon,https://colop-app-drawings.s3.us-east-2.amazonaws.com/drawings/characters/astronaut_waving_on_the_moon_1763922627875.png
Characters,Superhero kid flying,https://colop-app-drawings.s3.us-east-2.amazonaws.com/drawings/characters/superhero_kid_flying_1763922627591.png
Characters,Wizard casting sparkles,https://colop-app-drawings.s3.us-east-2.amazonaws.com/drawings/characters/wizard_casting_sparkles_1763922627801.png
Characters,Princess with long dress,https://colop-app-drawings.s3.us-east-2.amazonaws.com/drawings/characters/princess_with_long_dress_1763922631221.png
Characters,Knight with a shield,https://colop-app-drawings.s3.us-east-2.amazonaws.com/drawings/characters/knight_with_a_shield_1763922627403.png
Characters,Pirate with treasure map,https://colop-app-drawings.s3.us-east-2.amazonaws.com/drawings/characters/pirate_with_treasure_map_1763922630431.png
Characters,Fairy sprinkling magic,https://colop-app-drawings.s3.us-east-2.amazonaws.com/drawings/characters/fairy_sprinkling_magic_1763922628987.png
Characters,Robot playing piano,https://colop-app-drawings.s3.us-east-2.amazonaws.com/drawings/characters/robot_playing_piano_1763922632291.png
Characters,Mermaid brushing hair,https://colop-app-drawings.s3.us-east-2.amazonaws.com/drawings/characters/mermaid_brushing_hair_1763922627558.png
Characters,Cowboy kid with hat,https://colop-app-drawings.s3.us-east-2.amazonaws.com/drawings/characters/cowboy_kid_with_hat_1763922628063.png
Characters,Firefighter holding hose,https://colop-app-drawings.s3.us-east-2.amazonaws.com/drawings/characters/firefighter_holding_hose_1763922632294.png
Characters,Nurse with teddy bear,https://colop-app-drawings.s3.us-east-2.amazonaws.com/drawings/characters/nurse_with_teddy_bear_1763922626615.png
Characters,Farmer carrying vegetables,https://colop-app-drawings.s3.us-east-2.amazonaws.com/drawings/characters/farmer_carrying_vegetables_1763922628497.png
Characters,Baker decorating cake,https://colop-app-drawings.s3.us-east-2.amazonaws.com/drawings/characters/baker_decorating_cake_1763922631529.png
Characters,Explorer with binoculars,https://colop-app-drawings.s3.us-east-2.amazonaws.com/drawings/characters/explorer_with_binoculars_1763922623818.png
Characters,Detective with magnifying glass,https://colop-app-drawings.s3.us-east-2.amazonaws.com/drawings/characters/detective_with_magnifying_glass_1763922631286.png
Characters,Santa Claus waving,https://colop-app-drawings.s3.us-east-2.amazonaws.com/drawings/characters/santa_claus_waving_1763922627182.png
Characters,Elf wrapping gifts,https://colop-app-drawings.s3.us-east-2.amazonaws.com/drawings/characters/elf_wrapping_gifts_1763922628638.png
Characters,Snowman family,https://colop-app-drawings.s3.us-east-2.amazonaws.com/drawings/characters/snowman_family_1763922627029.png
Characters,Witch on a broom,https://colop-app-drawings.s3.us-east-2.amazonaws.com/drawings/characters/witch_on_a_broom_1763922631095.png
Characters,Girl reading a book,https://colop-app-drawings.s3.us-east-2.amazonaws.com/drawings/characters/girl_reading_a_book_1763922622292.png
Characters,Boy painting on easel,https://colop-app-drawings.s3.us-east-2.amazonaws.com/drawings/characters/boy_painting_on_easel_1763922657674.png
Characters,Superhero girl,https://colop-app-drawings.s3.us-east-2.amazonaws.com/drawings/characters/superhero_girl_1763922657764.png
Characters,Teacher holding chalk,https://colop-app-drawings.s3.us-east-2.amazonaws.com/drawings/characters/teacher_holding_chalk_1763922652108.png
Characters,Doctor with stethoscope,https://colop-app-drawings.s3.us-east-2.amazonaws.com/drawings/characters/doctor_with_stethoscope_1763922654468.png
Characters,Princess riding unicorn,https://colop-app-drawings.s3.us-east-2.amazonaws.com/drawings/characters/princess_riding_unicorn_1763922658378.png
Characters,Magician pulling rabbit,https://colop-app-drawings.s3.us-east-2.amazonaws.com/drawings/characters/magician_pulling_rabbit_1763922660267.png
Characters,Adventurer with map,https://colop-app-drawings.s3.us-east-2.amazonaws.com/drawings/characters/adventurer_with_map_1763922655225.png
Characters,Knight fighting dragon,https://colop-app-drawings.s3.us-east-2.amazonaws.com/drawings/characters/knight_fighting_dragon_1763922660487.png
Characters,Mermaid singing,https://colop-app-drawings.s3.us-east-2.amazonaws.com/drawings/characters/mermaid_singing_1763922660072.png
Characters,Ninja jumping,https://colop-app-drawings.s3.us-east-2.amazonaws.com/drawings/characters/ninja_jumping_1763922681206.png
Characters,Samurai with bamboo,https://colop-app-drawings.s3.us-east-2.amazonaws.com/drawings/characters/samurai_with_bamboo_1763922660801.png
Characters,Rock star girl,https://colop-app-drawings.s3.us-east-2.amazonaws.com/drawings/characters/rock_star_girl_1763922657779.png
Characters,Boy playing drums,https://colop-app-drawings.s3.us-east-2.amazonaws.com/drawings/characters/boy_playing_drums_1763922655000.png
Characters,Clown juggling balls,https://colop-app-drawings.s3.us-east-2.amazonaws.com/drawings/characters/clown_juggling_balls_1763922661506.png
Characters,Ballerina dancing,https://colop-app-drawings.s3.us-east-2.amazonaws.com/drawings/characters/ballerina_dancing_1763922656465.png
Characters,Soccer player kicking ball,https://colop-app-drawings.s3.us-east-2.amazonaws.com/drawings/characters/soccer_player_kicking_ball_1763922657410.png
Characters,Skateboard kid,https://colop-app-drawings.s3.us-east-2.amazonaws.com/drawings/characters/skateboard_kid_1763922658890.png
Characters,Scientist mixing potions,https://colop-app-drawings.s3.us-east-2.amazonaws.com/drawings/characters/scientist_mixing_potions_1763922658974.png
Characters,Child building sandcastle,https://colop-app-drawings.s3.us-east-2.amazonaws.com/drawings/characters/child_building_sandcastle_1763922659163.png
Characters,Painter with palette,https://colop-app-drawings.s3.us-east-2.amazonaws.com/drawings/characters/painter_with_palette_1763922657426.png
Characters,Wizard opening magic book,https://colop-app-drawings.s3.us-east-2.amazonaws.com/drawings/characters/wizard_opening_magic_book_1763922656481.png
Characters,Fairy sitting on mushroom,https://colop-app-drawings.s3.us-east-2.amazonaws.com/drawings/characters/fairy_sitting_on_mushroom_1763922655274.png
Characters,Viking child,https://colop-app-drawings.s3.us-east-2.amazonaws.com/drawings/characters/viking_child_1763922660715.png
Characters,Samurai meditating,https://colop-app-drawings.s3.us-east-2.amazonaws.com/drawings/characters/samurai_meditating_1763922654116.png
Characters,Boy catching stars,https://colop-app-drawings.s3.us-east-2.amazonaws.com/drawings/characters/boy_catching_stars_1763922661079.png
Animals,Frog playing guitar,https://colop-app-drawings.s3.us-east-2.amazonaws.com/drawings/animals/frog_playing_guitar_1763922660319.png
Animals,Dog skating,https://colop-app-drawings.s3.us-east-2.amazonaws.com/drawings/animals/dog_skating_1763922660436.png
Animals,Cat singing under the moon,https://colop-app-drawings.s3.us-east-2.amazonaws.com/drawings/animals/cat_singing_under_the_moon_1763922658131.png
Animals,Bunny holding a balloon,https://colop-app-drawings.s3.us-east-2.amazonaws.com/drawings/animals/bunny_holding_a_balloon_1763922657354.png
Animals,Baby elephant blowing bubbles,https://colop-app-drawings.s3.us-east-2.amazonaws.com/drawings/animals/baby_elephant_blowing_bubbles_1763922656308.png
Animals,Lion wearing sunglasses,https://colop-app-drawings.s3.us-east-2.amazonaws.com/drawings/animals/lion_wearing_sunglasses_1763922704706.png
Animals,Monkey eating a banana,https://colop-app-drawings.s3.us-east-2.amazonaws.com/drawings/animals/monkey_eating_a_banana_1763922707304.png
Animals,Bear fishing at the lake,https://colop-app-drawings.s3.us-east-2.amazonaws.com/drawings/animals/bear_fishing_at_the_lake_1763922707326.png
Animals,Turtle reading a book,https://colop-app-drawings.s3.us-east-2.amazonaws.com/drawings/animals/turtle_reading_a_book_1763922710971.png
Animals,Giraffe painting a picture,https://colop-app-drawings.s3.us-east-2.amazonaws.com/drawings/animals/giraffe_painting_a_picture_1763922707550.png
Animals,Koala hugging a tree,https://colop-app-drawings.s3.us-east-2.amazonaws.com/drawings/animals/koala_hugging_a_tree_1763922707191.png
Animals,Penguin sliding on ice,https://colop-app-drawings.s3.us-east-2.amazonaws.com/drawings/animals/penguin_sliding_on_ice_1763922699886.png
Animals,Owl sitting on a branch,https://colop-app-drawings.s3.us-east-2.amazonaws.com/drawings/animals/owl_sitting_on_a_branch_1763922711146.png
Animals,Fox jumping over a log,https://colop-app-drawings.s3.us-east-2.amazonaws.com/drawings/animals/fox_jumping_over_a_log_1763922703824.png
Animals,Squirrel holding an acorn,https://colop-app-drawings.s3.us-east-2.amazonaws.com/drawings/animals/squirrel_holding_an_acorn_1763922706006.png
Animals,Hedgehog playing with leaves,https://colop-app-drawings.s3.us-east-2.amazonaws.com/drawings/animals/hedgehog_playing_with_leaves_1763922700821.png
Animals,Dolphin jumping out of water,https://colop-app-drawings.s3.us-east-2.amazonaws.com/drawings/animals/dolphin_jumping_out_of_water_1763922707978.png
Animals,Whale singing,https://colop-app-drawings.s3.us-east-2.amazonaws.com/drawings/animals/whale_singing_1763922709457.png
Animals,Shark smiling friendly,https://colop-app-drawings.s3.us-east-2.amazonaws.com/drawings/animals/shark_smiling_friendly_1763922705567.png
Animals,Parrot on a pirate ship,https://colop-app-drawings.s3.us-east-2.amazonaws.com/drawings/animals/parrot_on_a_pirate_ship_1763922701631.png
Animals,Flamingo standing on one leg,https://colop-app-drawings.s3.us-east-2.amazonaws.com/drawings/animals/flamingo_standing_on_one_leg_1763922706719.png
Animals,Duck family walking,https://colop-app-drawings.s3.us-east-2.amazonaws.com/drawings/animals/duck_family_walking_1763922706259.png
Animals,Sheep sleeping on clouds,https://colop-app-drawings.s3.us-east-2.amazonaws.com/drawings/animals/sheep_sleeping_on_clouds_1763922710561.png
Animals,Cow wearing a flower crown,https://colop-app-drawings.s3.us-east-2.amazonaws.com/drawings/animals/cow_wearing_a_flower_crown_1763922706638.png
Animals,Horse running happily,https://colop-app-drawings.s3.us-east-2.amazonaws.com/drawings/animals/horse_running_happily_1763922702829.png
Animals,Pony with braided mane,https://colop-app-drawings.s3.us-east-2.amazonaws.com/drawings/animals/pony_with_braided_mane_1763922710639.png
Animals,Chick hatching from egg,https://colop-app-drawings.s3.us-east-2.amazonaws.com/drawings/animals/chick_hatching_from_egg_1763922707960.png
Animals,Goose flying across sky,https://colop-app-drawings.s3.us-east-2.amazonaws.com/drawings/animals/goose_flying_across_sky_1763922706266.png
Animals,Camel in the desert,https://colop-app-drawings.s3.us-east-2.amazonaws.com/drawings/animals/camel_in_the_desert_1763922714853.png
Animals,Kangaroo with joey,https://colop-app-drawings.s3.us-east-2.amazonaws.com/drawings/animals/kangaroo_with_joey_1763922705045.png
Animals,Panda eating bamboo,https://colop-app-drawings.s3.us-east-2.amazonaws.com/drawings/animals/panda_eating_bamboo_1763922702666.png
Animals,Tiger playing drums,https://colop-app-drawings.s3.us-east-2.amazonaws.com/drawings/animals/tiger_playing_drums_1763922712942.png
Animals,Wolf howling at stars,https://colop-app-drawings.s3.us-east-2.amazonaws.com/drawings/animals/wolf_howling_at_stars_1763922704723.png
Animals,Beaver building a dam,https://colop-app-drawings.s3.us-east-2.amazonaws.com/drawings/animals/beaver_building_a_dam_1763922703515.png
Animals,Reindeer with scarf,https://colop-app-drawings.s3.us-east-2.amazonaws.com/drawings/animals/reindeer_with_scarf_1763922706773.png
Animals,Hippo splashing in water,https://colop-app-drawings.s3.us-east-2.amazonaws.com/drawings/animals/hippo_splashing_in_water_1763922737656.png
Animals,Otter holding a shell,https://colop-app-drawings.s3.us-east-2.amazonaws.com/drawings/animals/otter_holding_a_shell_1763922738967.png
Animals,Raccoon roasting marshmallow,https://colop-app-drawings.s3.us-east-2.amazonaws.com/drawings/animals/raccoon_roasting_marshmallow_1763922741648.png
Animals,Sloth hanging from a tree,https://colop-app-drawings.s3.us-east-2.amazonaws.com/drawings/animals/sloth_hanging_from_a_tree_1763922738360.png
Animals,Parakeet singing,https://colop-app-drawings.s3.us-east-2.amazonaws.com/drawings/animals/parakeet_singing_1763922738671.png
Animals,Goldfish in a bowl,https://colop-app-drawings.s3.us-east-2.amazonaws.com/drawings/animals/goldfish_in_a_bowl_1763922737636.png
Animals,Snail with cute shell,https://colop-app-drawings.s3.us-east-2.amazonaws.com/drawings/animals/snail_with_cute_shell_1763922740296.png
Animals,Crab waving pincers,https://colop-app-drawings.s3.us-east-2.amazonaws.com/drawings/animals/crab_waving_pincers_1763922741405.png
Animals,Octopus juggling,https://colop-app-drawings.s3.us-east-2.amazonaws.com/drawings/animals/octopus_juggling_1763922739990.png
Animals,Starfish smiling,https://colop-app-drawings.s3.us-east-2.amazonaws.com/drawings/animals/starfish_smiling_1763922740213.png
Animals,Moose with fairy lights,https://colop-app-drawings.s3.us-east-2.amazonaws.com/drawings/animals/moose_with_fairy_lights_1763922739475.png
Animals,Zebra dancing,https://colop-app-drawings.s3.us-east-2.amazonaws.com/drawings/animals/zebra_dancing_1763922739713.png
Animals,Chameleon changing colors,https://colop-app-drawings.s3.us-east-2.amazonaws.com/drawings/animals/chameleon_changing_colors_1763922740072.png
Animals,Skunk holding a flower,https://colop-app-drawings.s3.us-east-2.amazonaws.com/drawings/animals/skunk_holding_a_flower_1763922739943.png
