Christmas,"family of mom, dad and 1 boy walking in a snowy forest"
Christmas,"family of mom, dad and 1 boy reading a christmas story"
Christmas,"family of mom, dad and 1 boy wearing christmas sweaters"
Christmas,"family of mom, dad and 1 boy making christmas crafts"
Christmas,"family of mom, dad and 1 boy with christmas lights everywhere"
Christmas,family of single mom with 2 girls in a room with christmas tree and gifts
Christmas,family of single mom with 2 girls outside in the snow
Christmas,family of single mom with 2 girls near a snowman
Christmas,family of single mom with 2 girls baking christmas cookies in the kitchen
Christmas,family of single mom with 2 girls decorating a christmas tree
Christmas,family of single mom with 2 girls opening presents on christmas morning
Christmas,family of single mom with 2 girls singing christmas carols
Christmas,family of single mom with 2 girls wrapping christmas gifts at a table
Christmas,family of single mom with 2 girls visiting santa claus
Christmas,family of single mom with 2 girls ice skating at a snowy park
Christmas,family of single mom with 2 girls drinking hot cocoa by the fireplace
Christmas,family of single mom with 2 girls at a christmas market
Christmas,family of single mom with 2 girls building a snow fort
Christmas,family of single mom with 2 girls sledding down a snowy hill
Christmas,family of single mom with 2 girls making a gingerbread house
Christmas,family of single mom with 2 girls walking in a snowy forest
Christmas,family of single mom with 2 girls reading a christmas story
Christmas,family of single mom with 2 girls wearing christmas sweaters
Christmas,family of single mom with 2 girls making christmas crafts
Christmas,family of single mom with 2 girls with christmas lights everywhere
Christmas,family of single mom with 2 boys in a room with christmas tree and gifts
Christmas,family of single mom with 2 boys outside in the snow
Christmas,family of single mom with 2 boys near a snowman
Christmas,family of single mom with 2 boys baking christmas cookies in the kitchen
Christmas,family of single mom with 2 boys decorating a christmas tree
Christmas,family of single mom with 2 boys opening presents on christmas morning
Christmas,family of single mom with 2 boys singing christmas carols
Christmas,family of single mom with 2 boys wrapping christmas gifts at a table
Christmas,family of single mom with 2 boys visiting santa claus
Christmas,family of single mom with 2 boys ice skating at a snowy park
Christmas,family of single mom with 2 boys drinking hot cocoa by the fireplace
Christmas,family of single mom with 2 boys at a christmas market
Christmas,family of single mom with 2 boys building a snow fort
Christmas,family of single mom with 2 boys sledding down a snowy hill
Christmas,family of single mom with 2 boys making a gingerbread house
Christmas,family of single mom with 2 boys walking in a snowy forest
Christmas,family of single mom with 2 boys reading a christmas story
Christmas,family of single mom with 2 boys wearing christmas sweaters
Christmas,family of single mom with 2 boys making christmas crafts
Christmas,family of single mom with 2 boys with christmas lights everywhere
Christmas,family of single dad with 2 girls in a room with christmas tree and gifts
Christmas,family of single dad with 2 girls outside in the snow
Christmas,family of single dad with 2 girls near a snowman
Christmas,family of single dad with 2 girls baking christmas cookies in the kitchen
Christmas,family of single dad with 2 girls decorating a christmas tree
Christmas,family of single dad with 2 girls opening presents on christmas morning
Christmas,family of single dad with 2 girls singing christmas carols
Christmas,family of single dad with 2 girls wrapping christmas gifts at a table
Christmas,family of single dad with 2 girls visiting santa claus
Christmas,family of single dad with 2 girls ice skating at a snowy park
Christmas,family of single dad with 2 girls drinking hot cocoa by the fireplace
Christmas,family of single dad with 2 girls at a christmas market
Christmas,family of single dad with 2 girls building a snow fort
Christmas,family of single dad with 2 girls sledding down a snowy hill
Christmas,family of single dad with 2 girls making a gingerbread house
Christmas,family of single dad with 2 girls walking in a snowy forest
Christmas,family of single dad with 2 girls reading a christmas story
Christmas,family of single dad with 2 girls wearing christmas sweaters
Christmas,family of single dad with 2 girls making christmas crafts
Christmas,family of single dad with 2 girls with christmas lights everywhere
Christmas,family of single dad with 2 boys in a room with christmas tree and gifts
Christmas,family of single dad with 2 boys outside in the snow
Christmas,family of single dad with 2 boys near a snowman
Christmas,family of single dad with 2 boys baking christmas cookies in the kitchen
Christmas,family of single dad with 2 boys decorating a christmas tree
Christmas,family of single dad with 2 boys opening presents on christmas morning
Christmas,family of single dad with 2 boys singing christmas carols
Christmas,family of single dad with 2 boys wrapping christmas gifts at a table
Christmas,family of single dad with 2 boys visiting santa claus
Christmas,family of single dad with 2 boys ice skating at a snowy park
Christmas,family of single dad with 2 boys drinking hot cocoa by the fireplace
Christmas,family of single dad with 2 boys at a christmas market
Christmas,family of single dad with 2 boys building a snow fort
Christmas,family of single dad with 2 boys sledding down a snowy hill
Christmas,family of single dad with 2 boys making a gingerbread house
Christmas,family of single dad with 2 boys walking in a snowy forest
Christmas,family of single dad with 2 boys reading a christmas story
Christmas,family of single dad with 2 boys wearing christmas sweaters
Christmas,family of single dad with 2 boys making christmas crafts
Christmas,family of single dad with 2 boys with christmas lights everywhere
Christmas,grandpa and grandma with 2 girls in a room with christmas tree and gifts
Christmas,grandpa and grandma with 2 girls outside in the snow
Christmas,grandpa and grandma with 2 girls near a snowman
Christmas,grandpa and grandma with 2 girls baking christmas cookies in the kitchen
Christmas,grandpa and grandma with 2 girls decorating a christmas tree
Christmas,grandpa and grandma with 2 girls opening presents on christmas morning
Christmas,grandpa and grandma with 2 girls singing christmas carols
Christmas,grandpa and grandma with 2 girls wrapping christmas gifts at a table
Christmas,grandpa and grandma with 2 girls visiting santa claus
Christmas,grandpa and grandma with 2 girls ice skating at a snowy park
Christmas,grandpa and grandma with 2 girls drinking hot cocoa by the fireplace
Christmas,grandpa and grandma with 2 girls at a christmas market
Christmas,grandpa and grandma with 2 girls building a snow fort
Christmas,grandpa and grandma with 2 girls sledding down a snowy hill
Christmas,grandpa and grandma with 2 girls making a gingerbread house
Christmas,grandpa and grandma with 2 girls walking in a snowy forest
Christmas,grandpa and grandma with 2 girls reading a christmas story
Christmas,grandpa and grandma with 2 girls wearing christmas sweaters
Christmas,grandpa and grandma with 2 girls making christmas crafts
Christmas,grandpa and grandma with 2 girls with christmas lights everywhere
Christmas,grandpa and grandma with 2 boys in a room with christmas tree and gifts
Christmas,grandpa and grandma with 2 boys outside in the snow
Christmas,grandpa and grandma with 2 boys near a snowman
Christmas,grandpa and grandma with 2 boys baking christmas cookies in the kitchen
Christmas,grandpa and grandma with 2 boys decorating a christmas tree
Christmas,grandpa and grandma with 2 boys opening presents on christmas morning
Christmas,grandpa and grandma with 2 boys singing christmas carols
Christmas,grandpa and grandma with 2 boys wrapping christmas gifts at a table
Christmas,grandpa and grandma with 2 boys visiting santa claus
Christmas,grandpa and grandma with 2 boys ice skating at a snowy park
Christmas,grandpa and grandma with 2 boys drinking hot cocoa by the fireplace
Christmas,grandpa and grandma with 2 boys at a christmas market
Christmas,grandpa and grandma with 2 boys building a snow fort
Christmas,grandpa and grandma with 2 boys sledding down a snowy hill
Christmas,grandpa and grandma with 2 boys making a gingerbread house
Christmas,grandpa and grandma with 2 boys walking in a snowy forest
Christmas,grandpa and grandma with 2 boys reading a christmas story
Christmas,grandpa and grandma with 2 boys wearing christmas sweaters
Christmas,grandpa and grandma with 2 boys making christmas crafts
Christmas,grandpa and grandma with 2 boys with christmas lights everywhere
Christmas,"mom, dad, 2 girls and dog in a room with christmas tree and gifts"
Christmas,"mom, dad, 2 girls and dog outside in the snow"
Christmas,"mom, dad, 2 girls and dog near a snowman"
Christmas,"mom, dad, 2 girls and dog baking christmas cookies in the kitchen"
Christmas,"mom, dad, 2 girls and dog decorating a christmas tree"
Christmas,"mom, dad, 2 girls and dog opening presents on christmas morning"
Christmas,"mom, dad, 2 girls and dog singing christmas carols"
Christmas,"mom, dad, 2 girls and dog wrapping christmas gifts at a table"
Christmas,"mom, dad, 2 girls and dog visiting santa claus"
Christmas,"mom, dad, 2 girls and dog ice skating at a snowy park"
Christmas,"mom, dad, 2 girls and dog drinking hot cocoa by the fireplace"
Christmas,"mom, dad, 2 girls and dog at a christmas market"
Christmas,"mom, dad, 2 girls and dog building a snow fort"
Christmas,"mom, dad, 2 girls and dog sledding down a snowy hill"
Christmas,"mom, dad, 2 girls and dog making a gingerbread house"
Christmas,"mom, dad, 2 girls and dog walking in a snowy forest"
Christmas,"mom, dad, 2 girls and dog reading a christmas story"
Christmas,"mom, dad, 2 girls and dog wearing christmas sweaters"
Christmas,"mom, dad, 2 girls and dog making christmas crafts"
Christmas,"mom, dad, 2 girls and dog with christmas lights everywhere"
Christmas,"mom, dad, 2 boys and dog in a room with christmas tree and gifts"
Christmas,"mom, dad, 2 boys and dog outside in the snow"
Christmas,"mom, dad, 2 boys and dog near a snowman"
Christmas,"mom, dad, 2 boys and dog baking christmas cookies in the kitchen"
Christmas,"mom, dad, 2 boys and dog decorating a christmas tree"
Christmas,"mom, dad, 2 boys and dog opening presents on christmas morning"
Christmas,"mom, dad, 2 boys and dog singing christmas carols"
Christmas,"mom, dad, 2 boys and dog wrapping christmas gifts at a table"
Christmas,"mom, dad, 2 boys and dog visiting santa claus"
Christmas,"mom, dad, 2 boys and dog ice skating at a snowy park"
Christmas,"mom, dad, 2 boys and dog drinking hot cocoa by the fireplace"
Christmas,"mom, dad, 2 boys and dog at a christmas market"
Christmas,"mom, dad, 2 boys and dog building a snow fort"
Christmas,"mom, dad, 2 boys and dog sledding down a snowy hill"
Christmas,"mom, dad, 2 boys and dog making a gingerbread house"
Christmas,"mom, dad, 2 boys and dog walking in a snowy forest"
Christmas,"mom, dad, 2 boys and dog reading a christmas story"
Christmas,"mom, dad, 2 boys and dog wearing christmas sweaters"
Christmas,"mom, dad, 2 boys and dog making christmas crafts"
Christmas,"mom, dad, 2 boys and dog with christmas lights everywhere"
Christmas,"mom, dad, 2 girls and baby in a room with christmas tree and gifts"
Christmas,"mom, dad, 2 girls and baby outside in the snow"
Christmas,"mom, dad, 2 girls and baby near a snowman"
Christmas,"mom, dad, 2 girls and baby baking christmas cookies in the kitchen"
Christmas,"mom, dad, 2 girls and baby decorating a christmas tree"
Christmas,"mom, dad, 2 girls and baby opening presents on christmas morning"
Christmas,"mom, dad, 2 girls and baby singing christmas carols"
Christmas,"mom, dad, 2 girls and baby wrapping christmas gifts at a table"
Christmas,"mom, dad, 2 girls and baby visiting santa claus"
Christmas,"mom, dad, 2 girls and baby ice skating at a snowy park"
Christmas,"mom, dad, 2 girls and baby drinking hot cocoa by the fireplace"
Christmas,"mom, dad, 2 girls and baby at a christmas market"
Christmas,"mom, dad, 2 girls and baby building a snow fort"
Christmas,"mom, dad, 2 girls and baby sledding down a snowy hill"
Christmas,"mom, dad, 2 girls and baby making a gingerbread house"
Christmas,"mom, dad, 2 girls and baby walking in a snowy forest"
Christmas,"mom, dad, 2 girls and baby reading a christmas story"
Christmas,"mom, dad, 2 girls and baby wearing christmas sweaters"
Christmas,"mom, dad, 2 girls and baby making christmas crafts"
Christmas,"mom, dad, 2 girls and baby with christmas lights everywhere"
Christmas,"mom, dad, 2 boys and baby in a room with christmas tree and gifts"
Christmas,"mom, dad, 2 boys and baby outside in the snow"
Christmas,"mom, dad, 2 boys and baby near a snowman"
Christmas,"mom, dad, 2 boys and baby baking christmas cookies in the kitchen"
Christmas,"mom, dad, 2 boys and baby decorating a christmas tree"
Christmas,"mom, dad, 2 boys and baby opening presents on christmas morning"
Christmas,"mom, dad, 2 boys and baby singing christmas carols"
Christmas,"mom, dad, 2 boys and baby wrapping christmas gifts at a table"
Christmas,"mom, dad, 2 boys and baby visiting santa claus"
Christmas,"mom, dad, 2 boys and baby ice skating at a snowy park"
Christmas,"mom, dad, 2 boys and baby drinking hot cocoa by the fireplace"
Christmas,"mom, dad, 2 boys and baby at a christmas market"
Christmas,"mom, dad, 2 boys and baby building a snow fort"
Christmas,"mom, dad, 2 boys and baby sledding down a snowy hill"
Christmas,"mom, dad, 2 boys and baby making a gingerbread house"
Christmas,"mom, dad, 2 boys and baby walking in a snowy forest"
Christmas,"mom, dad, 2 boys and baby reading a christmas story"
Christmas,"mom, dad, 2 boys and baby wearing christmas sweaters"
Christmas,"mom, dad, 2 boys and baby making christmas crafts"
Christmas,"mom, dad, 2 boys and baby with christmas lights everywhere"
Christmas,"family of mom, mom and 2 girls in a room with christmas tree and gifts"
Christmas,"family of mom, mom and 2 girls outside in the snow"
Christmas,"family of mom, mom and 2 girls near a snowman"
Christmas,"family of mom, mom and 2 girls baking christmas cookies in the kitchen"
Christmas,"family of mom, mom and 2 girls decorating a christmas tree"
Christmas,"family of mom, mom and 2 girls opening presents on christmas morning"
Christmas,"family of mom, mom and 2 girls singing christmas carols"
Christmas,"family of mom, mom and 2 girls wrapping christmas gifts at a table"
Christmas,"family of mom, mom and 2 girls visiting santa claus"
Christmas,"family of mom, mom and 2 girls ice skating at a snowy park"
Christmas,"family of mom, mom and 2 girls drinking hot cocoa by the fireplace"
Christmas,"family of mom, mom and 2 girls at a christmas market"
Christmas,"family of mom, mom and 2 girls building a snow fort"
Christmas,"family of mom, mom and 2 girls sledding down a snowy hill"
Christmas,"family of mom, mom and 2 girls making a gingerbread house"
Christmas,"family of mom, mom and 2 girls walking in a snowy forest"
Christmas,"family of mom, mom and 2 girls reading a christmas story"
Christmas,"family of mom, mom and 2 girls wearing christmas sweaters"
Christmas,"family of mom, mom and 2 girls making christmas crafts"
Christmas,"family of mom, mom and 2 girls with christmas lights everywhere"
Christmas,"family of dad, dad and 2 boys in a room with christmas tree and gifts"
Christmas,"family of dad, dad and 2 boys outside in the snow"
Christmas,"family of dad, dad and 2 boys near a snowman"
Christmas,"family of dad, dad and 2 boys baking christmas cookies in the kitchen"
Christmas,"family of dad, dad and 2 boys decorating a christmas tree"
Christmas,"family of dad, dad and 2 boys opening presents on christmas morning"
Christmas,"family of dad, dad and 2 boys singing christmas carols"
Christmas,"family of dad, dad and 2 boys wrapping christmas gifts at a table"
Christmas,"family of dad, dad and 2 boys visiting santa claus"
Christmas,"family of dad, dad and 2 boys ice skating at a snowy park"
Christmas,"family of dad, dad and 2 boys drinking hot cocoa by the fireplace"
Christmas,"family of dad, dad and 2 boys at a christmas market"
Christmas,"family of dad, dad and 2 boys building a snow fort"
Christmas,"family of dad, dad and 2 boys sledding down a snowy hill"
Christmas,"family of dad, dad and 2 boys making a gingerbread house"
Christmas,"family of dad, dad and 2 boys walking in a snowy forest"
Christmas,"family of dad, dad and 2 boys reading a christmas story"
Christmas,"family of dad, dad and 2 boys wearing christmas sweaters"
Christmas,"family of dad, dad and 2 boys making christmas crafts"
Christmas,"family of dad, dad and 2 boys with christmas lights everywhere"
Christmas,"uncle, aunt and 2 kids in a room with christmas tree and gifts"
Christmas,"uncle, aunt and 2 kids outside in the snow"
Christmas,"uncle, aunt and 2 kids near a snowman"
Christmas,"uncle, aunt and 2 kids baking christmas cookies in the kitchen"
Christmas,"uncle, aunt and 2 kids decorating a christmas tree"
Christmas,"uncle, aunt and 2 kids opening presents on christmas morning"
Christmas,"uncle, aunt and 2 kids singing christmas carols"
Christmas,"uncle, aunt and 2 kids wrapping christmas gifts at a table"
Christmas,"uncle, aunt and 2 kids visiting santa claus"
Christmas,"uncle, aunt and 2 kids ice skating at a snowy park"
Christmas,"uncle, aunt and 2 kids drinking hot cocoa by the fireplace"
Christmas,"uncle, aunt and 2 kids at a christmas market"
Christmas,"uncle, aunt and 2 kids building a snow fort"
Christmas,"uncle, aunt and 2 kids sledding down a snowy hill"
Christmas,"uncle, aunt and 2 kids making a gingerbread house"
Christmas,"uncle, aunt and 2 kids walking in a snowy forest"
Christmas,"uncle, aunt and 2 kids reading a christmas story"
Christmas,"uncle, aunt and 2 kids wearing christmas sweaters"
Christmas,"uncle, aunt and 2 kids making christmas crafts"
Christmas,"uncle, aunt and 2 kids with christmas lights everywhere"
Christmas,siblings of 4 kids near a snowman
Christmas,siblings of 4 kids baking christmas cookies in the kitchen
Christmas,siblings of 4 kids decorating a christmas tree
Christmas,siblings of 4 kids opening presents on christmas morning
Christmas,siblings of 4 kids singing christmas carols
Christmas,siblings of 4 kids wrapping christmas gifts at a table
Christmas,siblings of 4 kids visiting santa claus
Christmas,siblings of 4 kids ice skating at a snowy park
Christmas,siblings of 4 kids drinking hot cocoa by the fireplace
Christmas,siblings of 4 kids at a christmas market
Christmas,siblings of 4 kids building a snow fort
Christmas,siblings of 4 kids sledding down a snowy hill
Christmas,siblings of 4 kids making a gingerbread house
Christmas,siblings of 4 kids walking in a snowy forest
Christmas,siblings of 4 kids reading a christmas story
Christmas,siblings of 4 kids wearing christmas sweaters
Christmas,siblings of 4 kids making christmas crafts
Christmas,siblings of 4 kids with christmas lights everywhere
Christmas,siblings of 2 girls in a room with christmas tree and gifts
Christmas,siblings of 2 girls outside in the snow
Christmas,siblings of 2 girls near a snowman
Christmas,siblings of 2 girls baking christmas cookies in the kitchen
Christmas,siblings of 2 girls decorating a christmas tree
Christmas,siblings of 2 girls opening presents on christmas morning
Christmas,siblings of 2 girls singing christmas carols
Christmas,siblings of 2 girls wrapping christmas gifts at a table
Christmas,siblings of 2 girls visiting santa claus
Christmas,siblings of 2 girls ice skating at a snowy park
Christmas,siblings of 2 girls drinking hot cocoa by the fireplace
Christmas,siblings of 2 girls at a christmas market
Christmas,siblings of 2 girls building a snow fort
Christmas,siblings of 2 girls sledding down a snowy hill
Christmas,siblings of 2 girls making a gingerbread house
Christmas,siblings of 2 girls walking in a snowy forest
Christmas,siblings of 2 girls reading a christmas story
Christmas,siblings of 2 girls wearing christmas sweaters
Christmas,siblings of 2 girls making christmas crafts
Christmas,siblings of 2 girls with christmas lights everywhere
Christmas,siblings of 2 boys in a room with christmas tree and gifts
Christmas,siblings of 2 boys outside in the snow
Christmas,siblings of 2 boys near a snowman
Christmas,siblings of 2 boys baking christmas cookies in the kitchen
Christmas,siblings of 2 boys decorating a christmas tree
Christmas,siblings of 2 boys opening presents on christmas morning
Christmas,siblings of 2 boys singing christmas carols
Christmas,siblings of 2 boys wrapping christmas gifts at a table
Christmas,siblings of 2 boys visiting santa claus
Christmas,siblings of 2 boys ice skating at a snowy park
Christmas,siblings of 2 boys drinking hot cocoa by the fireplace
Christmas,siblings of 2 boys at a christmas market
Christmas,siblings of 2 boys building a snow fort
Christmas,siblings of 2 boys sledding down a snowy hill
Christmas,siblings of 2 boys making a gingerbread house
Christmas,siblings of 2 boys walking in a snowy forest
Christmas,siblings of 2 boys reading a christmas story
Christmas,siblings of 2 boys wearing christmas sweaters
Christmas,siblings of 2 boys making christmas crafts
Christmas,siblings of 2 boys with christmas lights everywhere


